Nom;E-mail
Oscar;oscar@ortf.fr
Remi;remi@ortf.fr
Toto;toto@ortf.fr
Fanfan;fanfan@ortf.fr
Nounours;nounours@ortf.fr
Nicolas;nicolas@ortf.fr
Pimprenelle;pimprenelle@ortf.fr
Le Marchand de sable;lemarchanddesable@ortffr
